,Dates,AUDNZD,EURCHF,AUDJPY,AUDSGD,EURAUD,EURJPY,EURNZD,EURSGD,GBPAUD,GBPCAD,GBPCHF,GBPNZD,NZDCAD,NZDJPY,SGDJPY,NZDUSD,AUDUSD,USDCHF,USDJPY,GBPUSD,EURUSD,USDCAD,USDSGD
0,10.01.2017,W,L,L,W,L,L,L,W,W,L,L,L,L,L,L,W,W,W,L,L,W,W,L
1,11.01.2017,L,W,L,W,W,D,W,L,D,W,L,D,W,L,D,W,W,W,D,L,W,D,L
2,12.01.2017,W,D,L,W,W,L,L,W,W,L,W,L,D,D,L,W,W,W,L,L,W,W,W
3,13.01.2017,D,D,W,D,L,W,L,L,L,L,L,D,D,W,W,L,W,L,W,L,D,L,D
5,16.01.2017,W,D,W,W,W,L,W,L,W,W,W,L,D,L,W,L,L,L,W,W,D,L,L
6,17.01.2017,L,L,W,W,W,D,L,D,L,L,D,L,W,W,L,D,D,L,D,D,D,D,D
7,18.01.2017,L,L,W,W,L,W,L,L,L,W,D,L,W,D,D,L,L,L,W,L,L,W,L
8,19.01.2017,L,D,L,L,W,W,W,W,W,L,L,W,L,L,D,W,W,W,L,W,W,L,L
9,20.01.2017,D,L,D,W,W,D,L,D,W,W,L,W,L,W,W,D,L,W,D,D,D,L,D
11,23.01.2017,W,W,L,D,L,L,W,D,L,L,L,L,W,D,D,W,W,L,L,L,L,L,L
12,24.01.2017,W,D,L,L,L,L,L,W,L,W,W,L,W,L,W,L,W,W,L,W,L,W,L
13,25.01.2017,D,W,L,L,W,L,L,D,W,W,W,W,L,W,W,L,W,W,W,W,L,L,L
14,26.01.2017,L,D,W,W,L,W,L,W,L,W,W,L,L,W,W,L,W,W,W,W,L,W,W
15,27.01.2017,D,L,D,D,L,D,W,D,W,L,W,W,D,L,W,L,L,L,L,W,L,W,D
17,30.01.2017,W,D,L,W,W,W,L,L,L,L,L,L,L,W,L,W,L,L,W,L,L,W,W
18,31.01.2017,D,D,W,L,L,W,D,D,W,D,W,D,W,L,L,D,L,L,L,L,L,D,D
19,01.02.2017,D,D,W,D,W,L,L,D,L,L,L,L,L,W,L,L,L,L,L,W,L,D,L
20,02.02.2017,W,L,W,L,L,L,L,W,L,L,L,L,L,L,L,L,L,L,L,W,W,L,W
21,03.02.2017,D,L,W,W,W,W,D,W,L,W,L,W,W,W,W,L,L,L,W,W,D,L,L
23,06.02.2017,W,D,L,D,W,W,W,D,L,W,L,W,W,L,D,W,L,D,L,L,D,W,D
24,07.02.2017,L,L,L,W,W,W,W,L,L,L,W,L,D,L,W,L,L,W,W,L,W,L,L
25,08.02.2017,D,L,W,D,W,L,D,L,W,L,W,D,D,D,L,D,L,L,L,W,L,W,W
26,09.02.2017,W,D,D,D,W,L,L,W,L,L,W,L,W,D,D,L,L,W,W,L,W,L,W
27,10.02.2017,L,D,W,L,L,D,W,D,D,D,D,D,W,L,D,W,D,W,W,D,L,L,D
29,13.02.2017,L,D,L,L,L,W,W,W,D,L,L,L,D,W,D,L,W,L,L,W,L,W,D
30,14.02.2017,D,L,D,W,W,W,L,L,D,W,L,W,L,W,D,L,W,W,W,W,W,W,L
31,15.02.2017,W,D,L,L,L,L,L,W,W,W,W,W,L,L,L,W,L,D,W,L,D,D,D
32,16.02.2017,D,D,W,W,L,W,L,L,W,L,L,W,D,W,W,W,W,L,W,W,L,L,L
33,17.02.2017,D,D,L,D,L,D,D,D,D,L,D,D,D,D,D,D,D,W,L,D,D,D,D
35,20.02.2017,D,D,W,D,W,L,W,W,W,W,D,D,D,L,D,D,L,D,D,L,L,D,D
36,21.02.2017,W,L,W,L,W,W,W,W,W,W,W,L,L,L,L,L,L,W,D,L,W,L,D
37,22.02.2017,W,L,L,L,L,W,W,W,L,W,L,W,W,W,L,W,W,L,W,L,W,L,W
38,23.02.2017,D,D,W,W,W,W,L,L,W,L,L,W,L,W,D,L,L,W,W,L,W,W,W
39,24.02.2017,L,D,L,L,L,L,W,D,D,L,D,D,L,L,L,L,L,L,W,W,L,L,W
41,27.02.2017,W,L,W,W,L,L,W,L,W,L,W,W,W,D,L,L,L,L,L,W,W,W,L
42,28.02.2017,D,L,L,D,L,D,D,L,W,L,W,D,D,L,D,D,L,L,D,L,W,W,W
43,01.03.2017,L,D,W,L,L,D,W,D,L,L,L,L,W,W,W,W,D,D,D,W,D,D,W
44,02.03.2017,L,W,W,D,D,L,D,L,L,L,L,W,D,D,D,W,W,L,L,W,L,W,W
45,03.03.2017,W,W,W,D,W,L,W,D,W,W,W,W,D,W,D,L,W,L,W,L,L,L,L
47,06.03.2017,D,W,D,D,D,L,L,W,D,D,W,W,W,L,D,L,D,W,D,L,D,L,L
48,07.03.2017,L,D,L,L,L,W,L,L,W,W,W,L,D,W,D,W,L,W,W,W,W,W,L
49,08.03.2017,L,L,L,D,W,W,D,W,W,L,W,W,L,L,L,W,W,L,D,W,L,W,W
50,09.03.2017,D,D,D,L,W,D,W,D,D,W,W,L,D,D,D,L,D,L,W,L,D,L,D
51,10.03.2017,D,W,W,L,L,L,L,D,W,D,L,D,D,L,D,D,W,W,L,L,D,D,L
53,13.03.2017,D,D,L,D,W,L,W,D,W,D,L,L,L,W,D,W,D,L,W,D,W,L,D
54,14.03.2017,D,D,L,L,L,L,W,D,L,L,L,W,D,D,L,D,L,D,W,D,D,L,L
55,15.03.2017,W,L,L,L,L,L,D,D,L,L,L,D,W,D,W,D,L,W,W,L,D,W,L
56,16.03.2017,L,W,L,L,L,L,W,L,L,W,L,L,D,L,W,L,L,W,L,L,L,W,D
57,17.03.2017,L,D,D,D,W,D,W,W,W,L,L,W,D,D,D,D,D,L,W,W,D,L,L
59,20.03.2017,L,W,L,D,L,L,L,L,D,L,W,D,L,L,L,L,L,L,W,L,W,L,L
60,21.03.2017,D,D,D,D,D,W,W,D,W,W,L,W,L,W,D,W,D,W,W,W,L,L,D
61,22.03.2017,W,D,L,W,D,W,L,D,D,L,L,W,D,L,W,L,D,L,W,W,D,L,L
62,23.03.2017,D,D,W,D,W,L,L,L,L,D,L,L,W,L,L,W,W,W,L,D,L,W,L
63,24.03.2017,D,L,D,W,D,D,L,W,D,L,L,L,W,D,D,D,L,W,D,D,D,W,D
65,27.03.2017,D,W,W,W,W,L,W,L,W,W,W,W,L,W,W,L,W,L,L,L,L,D,L
66,28.03.2017,D,L,W,W,W,L,W,W,W,W,W,W,D,L,D,L,W,W,W,W,W,L,L
67,29.03.2017,W,D,W,D,W,L,L,W,L,L,L,L,W,L,W,L,D,W,L,W,W,W,L
68,30.03.2017,D,L,W,D,W,L,D,L,W,L,W,W,W,L,L,L,D,L,W,L,D,L,D
69,31.03.2017,D,D,W,W,D,L,D,D,W,W,L,W,L,W,W,D,W,W,L,L,D,D,D
71,03.04.2017,L,D,W,W,W,D,W,D,L,L,W,L,L,D,D,L,W,L,D,W,L,W,L
72,04.04.2017,W,W,W,L,L,L,W,W,W,W,L,W,D,L,L,W,L,W,W,L,D,W,W
73,05.04.2017,D,D,L,L,D,W,W,W,W,L,W,L,D,W,L,L,L,L,L,W,D,L,D
74,06.04.2017,D,D,W,W,D,W,L,L,W,W,W,W,W,L,L,W,W,L,L,W,W,W,L
75,07.04.2017,W,D,D,D,W,D,L,L,L,L,L,L,D,D,D,L,D,W,L,L,D,W,D
77,10.04.2017,D,D,L,L,W,D,L,W,W,W,L,D,D,D,D,L,L,W,D,W,W,L,L
78,11.04.2017,W,D,L,W,W,W,W,L,W,W,L,W,W,W,L,W,W,W,W,W,D,D,W
79,12.04.2017,W,L,L,D,D,L,D,W,L,L,L,D,L,D,D,D,D,W,W,L,L,L,W
80,13.04.2017,D,D,W,D,L,W,L,D,L,L,L,L,D,L,L,D,D,L,L,L,D,D,D
81,14.04.2017,L,L,W,W,L,D,L,L,W,W,W,L,D,L,D,D,D,D,D,D,L,W,D
83,17.04.2017,L,D,L,L,W,W,W,W,W,W,L,W,W,W,L,W,L,L,L,W,W,W,D
84,18.04.2017,W,D,L,W,W,W,L,D,W,W,W,L,D,D,L,L,W,L,L,L,L,D,L
85,19.04.2017,L,W,L,D,L,W,W,D,L,W,L,W,D,D,W,D,L,L,W,L,D,L,D
86,20.04.2017,D,L,L,D,L,L,L,L,W,L,L,L,W,L,D,W,D,L,L,W,L,L,D
87,21.04.2017,D,W,D,D,L,D,D,D,L,L,L,L,L,D,L,L,D,D,D,L,D,W,L
89,24.04.2017,W,W,W,W,D,L,D,L,L,D,W,W,W,W,L,W,W,L,L,L,L,D,D
90,25.04.2017,W,L,W,W,W,W,W,L,W,L,L,W,W,W,W,W,L,W,W,L,L,W,W
91,26.04.2017,W,W,W,W,L,W,L,L,L,L,L,W,W,W,D,W,L,L,L,W,W,W,W
92,27.04.2017,W,L,L,D,L,W,W,L,L,W,W,W,D,L,W,W,L,W,L,W,L,W,D
93,28.04.2017,D,W,D,W,D,W,L,D,D,L,D,L,L,D,W,L,D,L,L,L,D,W,D
95,01.05.2017,L,L,D,D,W,D,W,D,W,W,W,W,W,D,D,D,D,D,W,W,D,L,D
96,02.05.2017,D,W,L,W,W,W,L,D,W,L,W,W,L,D,D,L,L,W,W,L,D,W,L
97,03.05.2017,W,L,W,W,W,W,W,L,W,W,W,W,W,L,L,W,W,L,W,W,L,L,W
98,04.05.2017,W,W,W,W,W,L,L,W,W,W,W,L,L,W,W,L,W,L,W,L,L,L,W
99,05.05.2017,W,W,D,L,D,D,D,D,W,W,W,W,L,W,L,L,L,D,W,L,D,L,D
101,08.05.2017,D,W,L,W,L,L,L,D,L,W,W,L,L,W,W,L,W,W,W,L,W,W,W
102,09.05.2017,L,W,W,L,L,W,L,D,L,W,W,W,W,W,W,L,L,W,L,L,D,L,D
103,10.05.2017,D,L,L,D,W,W,D,W,L,L,L,W,L,D,L,D,D,L,L,L,D,D,W
104,11.05.2017,W,L,W,L,L,W,W,L,L,W,W,W,W,W,D,L,W,W,W,W,L,W,W
105,12.05.2017,D,D,D,L,L,D,W,W,W,L,W,W,D,D,D,D,W,W,D,D,W,W,W
107,15.05.2017,L,W,W,L,W,L,W,W,W,L,W,L,W,W,L,L,W,D,D,L,D,L,W
108,16.05.2017,D,W,D,W,D,D,W,W,W,L,L,L,D,D,D,W,L,D,D,W,W,W,W
109,17.05.2017,L,W,L,L,W,W,L,L,W,W,L,L,W,L,W,L,W,L,L,L,L,L,L
110,18.05.2017,D,D,L,L,W,L,D,D,L,L,D,D,W,W,W,L,L,L,L,D,L,L,L
111,19.05.2017,D,W,D,L,L,W,L,W,L,W,L,L,D,D,D,W,W,L,L,L,L,L,D
113,22.05.2017,W,L,W,W,L,L,W,W,W,W,W,W,W,W,D,W,W,L,L,L,W,W,W
114,23.05.2017,W,L,L,L,L,L,L,D,L,L,L,L,W,W,W,L,L,L,W,L,D,W,L
115,24.05.2017,W,L,W,W,D,D,D,L,L,L,W,L,L,W,W,L,L,W,D,W,W,L,L
116,25.05.2017,W,W,D,W,W,D,L,L,L,D,W,L,W,L,L,W,W,W,D,D,W,L,L
117,26.05.2017,W,D,L,D,L,L,W,D,D,D,D,L,W,L,D,W,D,W,L,D,D,D,D
119,29.05.2017,D,L,L,W,W,W,D,W,W,L,L,L,W,L,W,L,W,L,L,W,L,D,D
120,30.05.2017,W,W,L,L,W,L,W,W,W,W,D,L,L,W,L,W,L,W,L,W,W,W,W
121,31.05.2017,L,D,L,L,W,W,W,L,W,W,W,W,L,L,W,W,W,L,L,L,L,L,L
122,01.06.2017,W,L,W,D,L,L,L,D,L,L,L,L,L,D,L,D,D,L,W,W,L,W,L
123,02.06.2017,L,D,D,W,W,L,L,L,L,W,D,L,L,W,L,W,W,L,L,D,L,W,W
125,05.06.2017,L,D,L,L,L,W,W,D,L,W,W,L,L,D,D,W,L,L,L,L,L,W,L
126,06.06.2017,L,D,L,W,W,W,L,W,W,W,L,W,W,L,D,W,W,D,L,L,L,L,D
127,07.06.2017,L,D,L,D,L,W,W,L,L,W,W,L,W,W,L,W,L,W,W,W,W,D,D
128,08.06.2017,D,L,W,D,W,L,W,D,D,L,D,W,L,W,W,L,D,D,W,D,W,W,W
129,09.06.2017,D,D,L,D,W,L,L,W,W,L,W,L,W,L,L,W,D,W,L,W,D,W,D
131,12.06.2017,L,D,L,L,L,L,D,D,W,W,L,W,W,L,D,D,D,L,L,L,D,D,L
132,13.06.2017,L,W,W,L,L,W,L,D,L,W,L,L,L,W,W,W,L,L,W,W,W,D,W
133,14.06.2017,D,L,W,W,W,L,D,L,L,W,L,D,D,W,L,D,W,W,L,W,L,W,L
134,15.06.2017,D,L,D,D,W,W,L,L,L,W,W,W,L,W,D,L,L,L,W,W,L,L,W
135,16.06.2017,W,L,L,L,W,W,W,D,L,W,L,W,D,D,D,L,L,W,L,L,L,L,L
137,19.06.2017,W,W,W,L,W,L,W,L,W,L,W,L,L,W,L,L,L,L,L,L,D,W,W
138,20.06.2017,W,D,W,D,D,L,L,W,L,L,W,L,W,L,D,L,W,W,L,W,D,D,D
139,21.06.2017,D,L,W,D,W,D,D,D,W,L,W,L,L,D,W,D,D,L,D,D,D,L,D
140,22.06.2017,D,L,L,D,L,L,L,L,W,L,W,W,L,W,L,W,L,W,W,W,L,L,L
141,23.06.2017,D,D,D,D,L,D,W,W,W,L,D,L,L,D,D,L,W,D,D,L,D,L,D
143,26.06.2017,L,D,W,W,W,L,W,W,W,L,W,W,L,W,W,W,W,L,L,L,L,W,L
144,27.06.2017,W,W,W,L,L,W,W,W,L,W,W,L,W,L,W,L,L,W,L,L,W,D,W
145,28.06.2017,W,D,W,D,L,D,L,W,W,D,D,W,W,W,W,W,W,W,L,D,W,W,W
146,29.06.2017,L,D,W,L,L,D,D,L,L,L,W,L,D,L,W,D,W,L,L,W,L,W,D
147,30.06.2017,L,L,D,D,L,D,W,D,L,L,L,L,L,D,D,L,W,D,D,L,W,L,L
149,03.07.2017,L,D,W,L,L,L,W,D,L,D,W,D,D,D,L,D,L,W,L,L,D,L,D
150,04.07.2017,D,D,L,W,L,L,D,D,L,L,W,D,L,W,L,W,W,W,L,L,D,L,D
151,05.07.2017,W,L,W,D,L,W,W,L,W,W,W,D,L,W,L,L,L,L,W,W,W,W,L
152,06.07.2017,L,D,L,D,L,W,L,L,L,W,L,L,W,L,L,L,L,L,L,L,L,L,L
153,07.07.2017,D,D,D,D,L,D,D,D,L,L,D,D,L,D,D,D,D,W,D,W,D,L,W
155,10.07.2017,D,W,D,W,W,W,D,W,W,L,L,D,D,D,L,D,W,L,W,W,W,W,L
156,11.07.2017,D,L,L,D,L,L,L,L,W,W,W,L,L,D,D,L,D,W,D,W,L,L,D
157,12.07.2017,L,W,L,W,L,L,W,W,L,L,L,W,L,L,L,W,W,L,W,D,W,W,W
158,13.07.2017,D,D,D,W,W,W,L,L,W,D,W,L,W,L,L,W,D,W,L,W,L,W,L
159,14.07.2017,D,L,W,D,L,W,W,L,W,L,L,W,D,W,D,L,L,W,L,L,L,L,W
161,17.07.2017,D,L,L,L,L,L,L,D,W,L,W,L,L,L,L,L,L,W,L,L,W,L,L
162,18.07.2017,W,W,W,D,W,L,L,L,W,L,L,W,D,L,W,W,W,W,W,W,D,L,L
163,19.07.2017,W,L,W,L,W,L,L,L,W,L,W,W,L,W,L,L,L,W,L,W,W,L,L
164,20.07.2017,D,W,D,D,D,W,L,W,L,W,L,D,W,D,L,W,D,W,L,L,W,W,W
165,21.07.2017,D,D,W,L,L,W,L,L,W,L,L,D,L,W,W,D,L,L,W,D,L,W,W
167,24.07.2017,D,D,W,W,L,L,W,D,L,W,D,W,W,L,W,L,L,W,W,L,L,W,W
168,25.07.2017,L,W,L,L,L,L,L,L,L,L,W,L,L,W,W,L,L,W,W,W,L,W,L
169,26.07.2017,L,W,W,D,W,L,D,W,W,W,D,W,D,W,W,W,W,W,W,W,W,W,L
170,27.07.2017,L,W,W,L,L,W,W,D,W,W,W,W,L,W,D,W,L,W,L,D,L,L,W
171,28.07.2017,W,L,W,D,W,L,L,W,W,L,L,W,L,W,D,L,L,L,L,L,W,L,D
173,31.07.2017,D,L,L,W,W,L,L,L,L,L,W,W,L,L,W,L,W,L,L,W,D,L,L
174,01.08.2017,D,D,L,L,D,D,D,D,D,D,L,D,D,D,L,D,W,L,W,L,L,D,D
175,02.08.2017,L,L,L,D,D,L,D,D,L,L,L,L,L,D,D,W,D,L,L,W,W,W,D
176,03.08.2017,L,L,L,W,W,L,W,L,L,L,L,W,D,L,L,W,L,L,L,L,L,W,W
177,04.08.2017,D,D,L,D,W,D,L,D,L,L,L,L,L,L,D,W,D,L,W,W,D,W,W
179,07.08.2017,D,W,L,L,L,W,W,L,L,L,W,L,W,W,W,W,L,L,L,L,L,L,D
180,08.08.2017,D,D,D,D,L,W,W,W,D,L,D,W,L,D,D,W,L,D,D,W,W,L,D
181,09.08.2017,D,W,L,D,L,W,L,L,L,L,L,L,L,W,W,L,D,L,W,L,L,W,D
182,10.08.2017,L,W,L,W,W,L,W,W,L,W,W,W,D,W,W,W,W,W,W,L,W,L,W
183,11.08.2017,L,D,W,L,L,W,W,D,L,L,D,L,D,D,D,L,W,D,L,L,L,D,L
185,14.08.2017,L,W,D,W,L,D,W,W,W,W,W,L,L,D,D,W,L,L,D,W,W,W,W
186,15.08.2017,D,L,W,D,L,W,W,W,W,W,L,L,D,W,D,L,D,W,W,W,W,L,L
187,16.08.2017,W,W,L,W,W,W,L,W,W,W,L,L,D,L,D,W,W,W,L,W,L,W,L
188,17.08.2017,D,L,W,D,L,W,L,D,W,W,L,L,W,L,W,L,L,W,W,L,L,L,L
189,18.08.2017,D,L,L,D,L,L,W,W,D,D,W,L,D,L,D,W,W,L,W,L,W,D,W
191,21.08.2017,W,W,L,W,L,W,W,L,L,L,W,W,L,L,D,L,L,D,L,L,L,L,D
192,22.08.2017,W,W,L,D,L,L,W,L,L,W,W,W,W,W,L,W,W,W,L,W,L,D,D
193,23.08.2017,D,L,L,D,W,L,L,D,W,W,W,L,W,L,D,W,W,L,L,W,D,W,D
194,24.08.2017,D,W,W,L,L,W,L,L,L,L,L,W,L,W,W,L,L,L,W,W,L,W,L
195,25.08.2017,D,L,D,D,D,L,L,L,D,L,W,W,W,W,D,W,D,L,L,D,W,W,D
197,28.08.2017,L,D,D,L,D,L,W,W,L,W,D,W,W,D,L,W,W,D,D,W,W,L,W
198,29.08.2017,L,W,W,L,L,W,L,L,W,L,L,L,D,W,D,L,W,W,W,W,W,W,W
199,30.08.2017,D,W,L,L,L,W,W,W,L,W,L,W,L,W,D,W,W,W,L,L,W,W,W
200,31.08.2017,W,L,W,W,W,L,L,W,L,W,D,D,D,D,L,W,L,L,L,L,L,W,W
201,01.09.2017,L,L,L,L,L,L,L,L,L,L,L,D,L,D,D,D,D,L,L,L,L,D,D
203,04.09.2017,L,W,W,L,L,L,L,W,W,W,W,W,W,L,L,W,D,W,L,W,W,W,W
204,05.09.2017,L,L,L,D,W,W,L,L,L,W,L,L,L,L,L,L,L,W,W,W,W,L,W
205,06.09.2017,L,W,W,D,W,L,L,L,W,W,L,L,W,W,L,L,L,L,L,W,W,W,W
206,07.09.2017,L,L,L,D,L,W,L,W,W,L,L,W,D,L,W,W,W,W,W,W,W,W,W
207,08.09.2017,W,D,L,D,L,L,W,D,W,L,D,L,L,W,L,L,L,D,D,W,W,L,D
209,11.09.2017,L,D,L,L,L,W,L,L,D,L,D,L,L,L,D,W,W,W,W,D,D,W,D
210,12.09.2017,D,W,W,W,W,L,L,L,W,W,W,W,L,L,W,L,L,W,L,L,L,L,L
211,13.09.2017,W,L,L,D,W,L,W,L,W,L,L,L,W,W,D,W,L,W,W,L,W,L,W
212,14.09.2017,D,W,W,D,L,W,L,W,D,W,W,W,L,L,W,L,W,L,L,W,W,W,W
213,15.09.2017,D,L,L,W,L,D,W,L,L,L,L,L,W,D,W,L,L,L,W,L,W,W,L
215,18.09.2017,D,D,L,L,L,W,W,D,W,L,L,L,W,W,W,L,D,L,W,W,D,L,D
216,19.09.2017,L,L,W,D,W,L,L,L,W,W,W,L,W,W,W,W,W,L,L,D,D,L,W
217,20.09.2017,W,L,L,D,L,D,D,L,D,W,D,D,D,L,L,D,D,W,W,W,L,D,D
218,21.09.2017,L,L,W,L,L,L,W,L,L,L,L,L,L,D,L,L,W,L,L,W,W,L,L
219,22.09.2017,W,W,L,D,L,W,L,W,L,W,W,D,D,W,W,W,L,L,L,L,W,W,L
221,25.09.2017,W,L,W,W,W,W,W,W,W,L,D,W,W,W,L,W,W,L,W,L,W,W,W
222,26.09.2017,L,D,L,D,W,L,W,D,W,W,W,W,L,L,W,W,W,D,D,D,W,L,D
223,27.09.2017,W,L,L,D,W,W,L,L,D,W,L,W,D,L,D,W,W,W,W,W,L,W,W
224,28.09.2017,L,W,L,W,D,L,D,W,W,W,L,L,W,D,D,L,D,L,L,D,W,L,D
225,29.09.2017,D,W,L,D,L,L,W,L,L,L,W,W,D,W,D,W,W,D,W,W,L,W,L
227,02.10.2017,D,W,L,D,L,L,L,D,W,W,W,L,L,W,D,W,W,W,W,W,W,L,D
228,03.10.2017,W,L,W,D,W,L,L,W,W,L,L,L,D,L,L,L,W,W,L,L,W,W,L
229,04.10.2017,L,W,L,D,D,L,D,L,L,W,L,L,D,L,W,L,L,W,L,L,L,L,D
230,05.10.2017,W,L,W,W,W,L,W,L,W,W,W,W,L,W,D,W,W,W,W,D,W,W,W
231,06.10.2017,L,W,L,D,W,L,L,D,W,L,L,W,D,D,D,L,W,L,L,L,D,L,L
233,09.10.2017,D,D,L,W,L,W,W,L,L,L,W,W,L,W,D,W,L,L,L,W,W,L,D
234,10.10.2017,D,W,W,D,L,W,L,W,L,L,L,L,D,L,D,W,D,L,W,W,W,W,D
235,11.10.2017,W,W,D,D,D,L,L,L,L,L,L,L,L,D,D,D,D,W,L,L,L,L,W
236,12.10.2017,L,D,W,D,W,W,L,L,W,W,W,L,W,W,W,D,D,W,W,W,L,W,L
237,13.10.2017,L,W,L,L,L,W,W,L,L,L,W,W,D,D,W,W,L,L,L,L,D,L,D
239,16.10.2017,W,W,W,D,L,L,W,D,W,L,L,L,D,W,L,L,W,D,L,L,D,D,D
240,17.10.2017,L,W,L,D,L,L,L,W,L,W,L,L,D,L,L,L,W,W,W,W,W,L,W
241,18.10.2017,W,L,W,D,L,L,W,D,L,W,L,W,W,L,L,W,W,D,W,W,W,D,D
242,19.10.2017,D,L,D,D,W,W,W,L,L,W,L,W,W,W,D,W,L,L,D,W,L,W,L
243,20.10.2017,L,D,L,D,L,L,L,D,W,W,W,L,L,W,D,L,W,L,W,W,W,W,D
245,23.10.2017,L,L,L,W,W,L,L,L,W,W,W,L,L,W,L,L,W,L,W,L,D,W,D
246,24.10.2017,L,W,L,D,W,W,W,W,L,L,L,W,W,W,D,W,W,L,L,W,W,W,L
247,25.10.2017,L,W,L,L,W,L,W,L,L,L,L,W,L,D,W,L,W,W,W,L,L,W,L
248,26.10.2017,L,L,W,D,L,W,L,W,L,W,L,W,L,L,W,W,W,D,W,D,D,D,W
249,27.10.2017,D,D,L,W,L,L,D,L,D,D,D,D,L,D,D,D,L,L,W,D,L,L,W
251,30.10.2017,D,W,W,D,W,W,W,W,W,W,D,W,L,W,L,W,L,D,W,W,D,W,L
252,31.10.2017,D,W,L,D,L,D,D,L,L,W,D,D,D,D,W,D,L,W,W,W,W,D,L
253,01.11.2017,L,L,W,D,W,W,W,D,W,W,L,W,D,W,L,D,W,D,L,W,L,W,D
254,02.11.2017,L,W,D,D,D,D,W,W,L,L,W,W,L,W,L,W,L,W,W,L,W,L,L
255,03.11.2017,D,W,D,D,L,W,L,W,W,L,D,D,D,D,D,W,L,L,L,W,W,W,L
257,06.11.2017,D,W,W,L,L,L,L,W,W,W,W,W,D,W,L,L,L,D,D,L,W,D,L
258,07.11.2017,D,D,W,L,L,L,L,D,L,L,L,L,D,D,D,L,D,D,D,W,D,D,L
259,08.11.2017,L,W,W,L,L,W,L,L,L,L,L,W,L,W,L,W,L,L,W,L,W,W,W
260,09.11.2017,W,L,L,D,W,W,W,W,L,L,L,W,D,W,D,W,L,L,W,L,W,D,D
261,10.11.2017,D,L,W,W,L,L,W,D,D,D,D,D,D,W,L,L,W,L,W,D,D,W,D
263,13.11.2017,W,D,L,D,L,W,D,W,L,W,W,D,D,W,D,D,L,L,W,W,W,L,L
264,14.11.2017,L,L,W,W,W,L,L,W,W,L,W,L,L,W,D,L,L,W,W,W,W,L,W
265,15.11.2017,L,L,L,D,L,L,L,W,L,L,L,D,D,W,D,L,D,D,L,L,W,L,D
266,16.11.2017,W,L,L,W,D,W,W,D,D,W,W,W,W,W,D,W,L,D,L,L,D,W,W
267,17.11.2017,L,L,W,D,W,L,D,L,L,W,W,L,D,L,L,L,W,L,W,W,L,W,D
269,20.11.2017,L,W,L,L,L,W,L,W,W,L,W,W,D,L,D,L,L,L,L,L,D,L,L
270,21.11.2017,D,W,L,D,L,D,L,D,L,W,W,L,D,L,D,W,L,D,D,L,W,D,W
271,22.11.2017,D,L,W,D,W,W,W,W,W,W,W,W,W,L,D,W,W,W,L,L,W,L,D
272,23.11.2017,D,W,W,D,W,D,W,W,W,L,L,L,D,W,W,L,D,W,D,W,W,W,D
273,24.11.2017,L,W,L,L,L,L,L,D,W,L,L,L,L,L,L,L,L,L,L,W,W,L,L
275,27.11.2017,W,W,L,D,W,L,W,W,W,W,W,W,W,W,L,D,D,W,L,L,W,W,D
276,28.11.2017,L,L,L,D,L,D,L,L,D,D,D,D,W,W,W,L,W,L,W,D,D,W,D
277,29.11.2017,L,W,W,D,W,D,D,W,W,W,D,D,D,L,W,W,L,W,L,W,L,W,W
278,30.11.2017,L,W,L,W,W,W,W,L,W,L,W,W,L,L,W,L,L,W,L,L,W,L,D
279,01.12.2017,L,D,W,D,W,L,W,D,L,W,D,L,W,W,D,L,W,D,W,L,W,W,D
281,04.12.2017,W,L,D,D,D,W,L,L,D,D,D,L,L,D,D,L,D,W,L,D,L,W,D
282,05.12.2017,W,L,L,D,L,D,W,D,L,W,D,D,W,L,D,W,L,L,D,D,W,L,D
283,06.12.2017,L,W,W,W,D,D,L,D,W,W,W,L,L,W,D,L,W,W,D,W,D,W,D
284,07.12.2017,L,L,W,L,L,W,L,L,W,W,W,W,L,L,W,L,L,L,D,W,W,L,D
285,08.12.2017,W,D,W,D,L,W,W,D,W,L,L,W,D,D,D,D,L,D,W,W,D,D,D
287,11.12.2017,L,W,L,D,L,L,W,W,L,W,L,W,D,W,D,W,W,W,L,L,L,L,L
288,12.12.2017,W,W,L,D,L,L,W,L,L,L,D,W,D,L,W,L,L,L,L,L,L,L,D
306,03.01.2018,L,W,W,W,L,D,W,D,W,W,L,W,W,W,D,L,W,L,W,L,L,L,L
307,04.01.2018,W,D,L,D,W,D,L,L,L,L,W,L,L,W,D,W,L,D,W,W,L,L,D
308,05.01.2018,D,W,L,D,W,L,W,D,D,W,W,W,L,D,L,W,W,W,W,L,W,L,L
310,08.01.2018,L,D,W,D,W,W,W,D,L,L,D,L,W,L,W,W,W,W,W,L,W,W,W
311,09.01.2018,W,L,D,L,L,W,W,L,L,L,L,L,W,D,D,L,L,L,W,L,L,L,L
312,10.01.2018,L,D,L,L,W,L,L,W,W,W,L,L,W,D,D,L,W,L,L,W,W,W,W
313,11.01.2018,L,D,L,D,D,D,D,D,D,D,L,L,L,L,W,L,L,W,L,D,D,L,W
314,12.01.2018,W,L,L,D,L,L,L,W,D,W,L,D,D,L,L,D,D,W,W,D,W,W,D
316,15.01.2018,L,L,W,D,W,W,L,L,L,L,L,D,L,L,D,L,L,L,D,L,L,L,L
317,16.01.2018,D,L,D,W,L,L,W,W,L,W,D,W,L,L,D,L,L,L,L,W,W,W,L
318,17.01.2018,L,W,L,L,L,W,L,L,W,W,D,W,W,L,D,L,L,L,W,L,L,W,D
319,18.01.2018,D,W,W,L,W,L,W,W,L,W,W,W,W,D,L,L,D,W,W,W,W,L,W
320,19.01.2018,L,D,L,D,D,W,D,D,W,L,W,L,W,D,L,L,L,L,D,W,D,L,D
322,22.01.2018,W,L,W,D,L,L,W,L,W,W,L,L,D,W,L,W,L,W,L,W,W,L,D
323,23.01.2018,L,W,L,L,L,D,L,D,W,L,W,L,W,W,W,W,L,W,W,D,W,W,D
324,24.01.2018,L,W,L,L,L,W,W,W,L,W,W,W,L,D,D,L,W,W,W,W,W,W,W
325,25.01.2018,D,W,D,D,W,L,L,D,L,W,L,L,L,W,L,L,D,W,L,D,L,L,D
326,26.01.2018,W,L,L,D,L,L,L,L,L,L,W,L,L,D,D,L,L,D,L,W,L,L,L
328,29.01.2018,L,L,L,D,L,W,W,D,L,W,W,W,D,W,L,L,W,W,L,W,W,W,W
329,30.01.2018,W,L,W,L,W,D,L,W,W,W,L,L,D,D,L,D,W,L,L,W,W,W,L
330,31.01.2018,W,L,W,W,W,W,L,W,W,L,L,L,L,D,D,L,W,L,W,W,W,W,L
331,01.02.2018,D,W,L,D,D,W,D,W,D,W,L,W,D,L,D,L,W,L,W,W,L,L,D
332,02.02.2018,L,L,W,W,W,L,L,L,L,L,D,W,L,L,W,L,L,W,L,L,W,L,D
334,05.02.2018,W,L,W,W,L,L,L,L,L,L,L,W,W,L,W,L,W,L,W,L,L,W,L
335,06.02.2018,L,W,D,D,L,L,D,W,D,W,W,W,D,D,D,D,L,L,L,L,L,D,L
336,07.02.2018,W,W,L,D,L,L,W,L,L,L,W,D,L,W,W,D,L,W,L,L,L,W,W
337,08.02.2018,L,L,L,L,W,L,W,L,L,L,W,L,W,L,L,W,L,L,L,L,L,W,L
338,09.02.2018,W,W,W,D,W,W,L,W,L,L,L,L,D,W,D,W,W,L,D,L,W,W,D
340,12.02.2018,L,L,W,L,W,L,L,W,L,W,W,L,W,L,D,L,L,W,W,W,W,L,D
341,13.02.2018,W,L,W,W,W,W,L,L,L,L,W,L,W,L,W,W,L,W,W,W,L,W,L
342,14.02.2018,W,L,L,L,L,L,W,D,L,W,L,W,D,L,D,D,W,D,D,D,W,W,W
343,15.02.2018,D,W,L,D,L,L,W,W,W,L,W,L,D,W,W,W,W,W,L,W,W,W,W
344,16.02.2018,L,L,D,D,W,D,W,D,W,D,L,W,D,D,D,W,D,W,L,W,W,L,W
346,19.02.2018,W,W,W,W,L,W,L,D,L,W,W,L,D,W,D,W,L,W,D,W,L,D,D
347,20.02.2018,W,D,W,D,L,W,L,D,W,L,L,L,W,W,W,W,W,W,W,D,W,W,W
348,21.02.2018,L,W,D,L,L,D,L,D,W,W,W,W,L,D,D,L,L,W,D,L,L,L,L
349,22.02.2018,D,L,W,D,L,W,D,L,D,W,L,D,D,W,W,D,D,D,L,L,L,L,L
350,23.02.2018,L,W,L,D,L,D,L,W,W,D,W,L,D,L,D,L,L,L,D,W,L,L,L
352,26.02.2018,D,L,W,L,W,W,D,D,W,W,L,L,D,L,L,L,L,L,L,L,L,W,L
353,27.02.2018,W,D,W,W,L,W,L,W,W,L,L,L,W,W,D,W,L,W,L,W,W,W,D
354,28.02.2018,W,W,W,D,W,W,L,L,L,L,L,L,W,L,L,W,W,W,L,W,W,W,W
355,01.03.2018,W,L,W,D,L,L,W,W,L,W,W,L,D,W,W,L,D,W,W,W,W,W,W
356,02.03.2018,W,W,W,D,W,W,W,L,W,W,L,D,W,W,L,W,L,L,L,L,L,D,L
358,05.03.2018,L,D,L,W,L,L,W,W,L,W,L,L,D,W,L,L,W,W,L,L,W,W,W
359,06.03.2018,D,L,D,W,D,D,L,D,L,L,W,L,W,L,L,L,L,W,W,W,D,D,D
360,07.03.2018,D,L,W,L,L,L,L,L,W,W,L,W,W,W,L,L,W,W,W,L,L,L,L
361,08.03.2018,L,L,D,D,L,D,L,W,L,W,W,W,L,D,D,L,L,L,D,L,W,W,L
362,09.03.2018,W,W,W,D,W,L,W,W,W,L,W,L,D,D,D,D,D,L,L,W,L,L,W
364,12.03.2018,L,L,W,W,L,L,L,L,L,L,L,L,D,L,L,W,W,L,L,L,W,W,W
365,13.03.2018,L,D,L,L,L,W,L,L,W,L,W,L,D,W,D,W,L,L,W,L,L,L,W
366,14.03.2018,D,L,W,L,L,W,D,D,L,W,W,L,L,D,D,L,L,L,W,L,W,L,L
367,15.03.2018,L,D,D,W,D,W,D,D,D,W,L,D,D,W,D,D,W,L,L,W,L,W,W
368,16.03.2018,W,L,W,D,W,L,L,W,D,W,W,W,L,W,W,W,W,L,L,D,L,L,L
370,19.03.2018,L,L,W,D,L,W,D,L,W,W,W,W,L,W,W,L,W,L,W,W,L,L,W
371,20.03.2018,D,L,W,L,W,L,D,D,L,W,L,D,W,W,L,W,L,D,L,D,D,W,L
372,21.03.2018,L,L,L,D,L,L,W,D,L,L,L,L,L,L,D,W,W,L,D,W,L,W,L
373,22.03.2018,W,L,W,D,W,W,W,W,L,W,L,L,L,W,D,D,L,W,W,L,D,D,D
374,23.03.2018,W,W,D,L,L,D,W,W,L,W,D,W,D,D,D,D,D,L,D,D,D,L,W
376,26.03.2018,W,D,L,D,W,L,W,L,W,D,L,W,D,D,D,L,L,W,D,L,W,W,W
377,27.03.2018,L,L,L,W,L,L,W,W,W,L,L,L,W,L,D,W,L,W,D,L,W,W,D
378,28.03.2018,D,D,L,D,W,L,W,D,L,W,L,W,W,L,L,W,L,W,L,L,D,L,D
379,29.03.2018,D,W,L,D,W,W,D,D,W,L,W,L,D,W,D,W,W,D,W,L,L,D,D
380,30.03.2018,D,D,L,D,D,W,D,W,D,D,D,D,D,W,W,W,L,D,W,D,L,L,L
382,02.04.2018,L,W,L,D,L,L,L,W,L,L,D,L,L,L,L,L,L,L,L,L,L,L,L
383,03.04.2018,W,W,W,W,W,L,W,L,W,L,L,L,L,W,L,D,W,L,L,W,L,W,L
384,04.04.2018,W,L,W,D,L,W,W,D,L,W,L,L,D,W,W,L,L,W,W,L,L,L,W
385,05.04.2018,L,W,L,D,W,L,D,D,L,D,L,D,D,D,D,D,D,L,L,L,L,L,W
386,06.04.2018,W,D,L,D,L,L,L,L,L,W,D,L,D,D,D,D,W,W,L,W,W,W,W
388,09.04.2018,L,W,W,D,L,W,W,W,L,W,W,W,D,W,W,W,W,L,L,W,W,W,W
389,10.04.2018,D,D,L,D,L,L,L,W,L,L,W,L,L,L,L,W,D,W,L,W,W,W,D
390,11.04.2018,W,W,L,D,L,W,L,D,W,L,D,D,D,D,L,L,D,W,L,L,L,L,L
391,12.04.2018,L,D,W,D,W,W,L,L,L,L,D,L,L,W,D,W,W,W,W,W,D,L,D
392,13.04.2018,W,D,L,D,L,L,D,D,L,D,D,D,D,W,L,W,D,W,L,W,W,L,D
394,16.04.2018,L,W,W,D,W,L,W,L,L,L,W,D,W,W,D,L,D,W,W,W,W,W,D
395,17.04.2018,D,D,D,D,W,D,D,D,W,W,L,W,L,L,D,W,L,W,D,W,D,L,D
396,18.04.2018,W,L,W,L,L,L,W,W,W,L,L,L,L,W,D,L,W,L,W,L,L,L,D
397,19.04.2018,D,L,L,W,D,W,D,W,L,W,W,D,D,W,D,D,W,W,D,W,W,W,D
398,20.04.2018,D,W,L,D,W,L,D,D,D,W,W,D,D,D,D,D,W,D,W,W,W,D,D
400,23.04.2018,W,L,W,W,W,W,W,L,W,L,W,W,D,W,W,W,W,W,W,W,L,L,L
401,24.04.2018,W,W,L,D,W,W,D,D,D,W,D,D,W,W,D,W,W,W,W,L,L,L,D
402,25.04.2018,D,L,W,D,L,W,W,W,L,W,W,D,L,D,D,L,L,W,L,W,L,W,L
403,26.04.2018,D,D,W,W,L,W,L,W,W,L,L,W,D,W,L,W,W,W,L,L,W,W,W
404,27.04.2018,D,D,L,D,D,W,L,L,L,L,L,L,L,L,D,L,L,L,L,L,L,L,D
406,30.04.2018,D,W,L,D,L,W,L,D,L,D,L,L,W,D,D,W,W,W,W,W,W,W,W
407,01.05.2018,D,D,W,D,L,L,W,D,W,W,L,W,D,W,D,L,L,L,L,W,L,L,W
408,02.05.2018,L,L,W,D,W,L,L,W,W,L,L,W,W,L,W,L,W,L,W,L,L,L,L
409,03.05.2018,L,L,L,W,W,D,W,L,W,L,L,L,L,L,W,L,W,L,W,W,L,L,L
410,04.05.2018,D,L,D,D,D,W,W,D,D,D,L,L,D,W,D,L,L,L,W,L,W,W,W
412,07.05.2018,D,W,W,L,W,W,L,W,D,D,L,W,W,W,W,L,W,W,W,W,W,W,W
413,08.05.2018,W,L,L,L,L,L,W,L,W,L,L,L,W,L,L,W,W,L,W,W,W,W,W
414,09.05.2018,D,W,W,D,L,W,D,L,W,W,L,W,D,D,W,W,W,L,W,L,L,W,L
415,10.05.2018,W,L,L,D,W,L,L,L,L,W,L,L,D,L,D,W,W,W,L,L,W,W,W
416,11.05.2018,D,D,D,L,W,D,D,W,L,W,L,W,W,L,D,W,D,W,L,D,D,L,W
418,14.05.2018,L,W,W,W,W,L,W,L,W,L,L,W,W,L,D,W,W,W,D,L,W,W,W
419,15.05.2018,L,D,W,L,W,D,W,D,W,D,W,L,L,L,L,L,W,L,L,L,W,D,L
420,16.05.2018,W,L,W,D,L,L,W,D,L,W,D,D,W,W,W,W,W,L,L,L,L,L,L
421,17.05.2018,L,W,W,D,W,L,W,D,W,L,L,L,W,D,D,D,L,L,D,L,W,W,W
422,18.05.2018,D,W,W,D,W,L,L,D,W,L,W,L,D,W,W,W,W,D,W,W,D,L,D
424,21.05.2018,W,L,L,D,W,W,W,L,L,L,W,W,W,W,D,W,W,W,L,L,L,L,W
425,22.05.2018,D,W,W,D,L,W,W,L,W,W,W,W,L,W,D,W,W,W,D,L,W,W,D
426,23.05.2018,D,W,W,D,L,W,L,D,D,D,W,L,L,W,W,L,L,D,D,D,L,W,L
427,24.05.2018,W,W,L,D,D,W,L,W,W,W,W,L,W,L,D,L,L,L,L,L,L,W,L
428,25.05.2018,W,W,L,D,L,L,W,W,W,D,D,W,D,L,L,L,L,L,L,L,L,D,D
430,28.05.2018,D,W,W,L,L,W,L,W,L,L,L,W,L,W,W,L,W,W,W,W,W,W,W
431,29.05.2018,L,L,W,L,L,W,W,L,L,W,L,L,L,W,L,L,L,L,W,D,L,L,L
432,30.05.2018,W,W,L,D,W,L,W,W,L,L,W,L,W,L,L,L,L,W,L,W,W,W,W
433,31.05.2018,L,L,L,W,L,W,L,W,L,W,L,W,L,D,D,L,W,L,L,L,L,L,D
434,01.06.2018,D,D,D,D,W,D,L,D,L,L,L,L,D,D,D,D,D,L,W,L,D,W,D
436,04.06.2018,L,L,L,D,L,W,W,L,L,L,L,L,W,L,D,W,L,W,W,L,L,L,W
437,05.06.2018,D,L,D,D,L,D,L,W,L,L,D,L,L,D,D,D,D,L,D,D,W,L,D
438,06.06.2018,L,W,L,D,D,L,W,D,L,L,L,W,L,L,L,W,L,L,L,W,D,L,D
439,07.06.2018,W,W,L,W,W,L,W,L,D,W,L,L,W,W,W,W,W,L,L,L,L,W,W
440,08.06.2018,L,D,D,D,W,D,L,W,D,L,W,L,D,D,D,D,D,W,D,L,L,W,D
442,11.06.2018,D,L,W,L,W,W,L,W,W,W,L,W,W,W,D,L,L,L,D,W,L,D,D
443,12.06.2018,W,D,D,W,W,D,W,L,W,L,L,L,W,D,D,L,L,L,D,W,L,W,W
444,13.06.2018,W,W,D,W,L,L,W,W,L,L,L,L,W,W,W,W,L,W,W,W,W,W,L
445,14.06.2018,D,L,W,D,D,W,D,L,W,W,L,D,W,W,W,W,W,W,L,W,L,W,W
446,15.06.2018,L,L,W,L,L,L,L,W,L,L,W,L,D,W,D,L,W,L,L,W,W,L,D
448,18.06.2018,W,L,W,D,W,D,L,W,W,W,W,L,L,D,D,L,W,W,W,W,L,W,L
449,19.06.2018,L,L,L,D,L,W,L,L,W,L,L,L,L,L,D,W,L,L,W,W,W,D,D
450,20.06.2018,W,L,W,L,W,W,W,W,W,W,L,W,D,D,L,D,W,W,W,W,W,W,W
451,21.06.2018,W,L,L,D,L,L,L,D,W,W,L,L,W,D,D,D,D,W,L,D,W,L,W
452,22.06.2018,D,L,L,L,L,L,L,D,D,L,W,L,D,L,W,L,L,L,W,L,L,D,D
454,25.06.2018,D,L,W,W,W,D,D,L,W,W,L,D,W,D,W,W,W,L,W,L,L,W,L
455,26.06.2018,D,D,W,W,L,W,W,W,W,L,W,D,D,W,L,D,W,L,L,W,W,L,W
456,27.06.2018,W,L,W,D,W,L,W,L,W,W,W,W,D,W,D,W,L,W,L,W,L,L,W
457,28.06.2018,W,W,L,W,L,W,W,D,W,L,L,W,W,W,W,W,W,L,W,L,W,W,L
458,29.06.2018,W,L,W,L,W,L,W,D,D,L,W,D,W,W,L,D,D,D,D,L,L,L,D
460,02.07.2018,D,W,L,D,W,L,W,W,W,L,W,W,L,W,W,W,W,L,W,W,L,L,W
461,03.07.2018,W,D,W,D,W,W,W,D,W,W,W,W,D,W,D,W,W,L,D,W,D,W,W
462,04.07.2018,W,D,L,D,D,W,W,D,W,W,W,L,W,L,L,W,L,D,L,W,L,L,D
463,05.07.2018,D,D,W,D,L,W,W,L,L,L,W,W,W,D,W,D,W,L,W,L,W,W,L
464,06.07.2018,D,W,W,D,W,W,D,D,D,W,W,L,D,W,D,W,W,W,L,W,D,L,D
466,09.07.2018,D,D,W,L,W,W,L,L,W,L,W,L,L,W,D,D,L,W,D,W,L,W,D
467,10.07.2018,W,W,D,W,D,L,D,L,D,W,L,W,D,D,W,D,D,W,W,L,W,W,D
468,11.07.2018,D,L,L,D,L,W,L,W,L,L,L,L,D,L,D,L,L,W,W,L,D,L,L
469,12.07.2018,D,L,W,W,W,L,W,L,L,W,W,W,W,W,L,L,L,W,L,W,W,L,L
470,13.07.2018,L,L,D,L,W,D,L,D,W,W,W,L,D,D,L,L,W,W,D,W,W,L,L
472,16.07.2018,W,W,W,D,L,D,W,W,L,W,W,W,W,D,D,W,L,W,W,W,W,L,W
473,17.07.2018,D,W,L,L,W,L,L,D,L,L,L,W,W,L,L,L,W,W,L,W,W,D,W
474,18.07.2018,D,D,W,L,W,W,L,D,W,W,W,L,L,L,W,L,W,L,W,W,W,L,W
475,19.07.2018,D,W,L,L,W,L,L,W,W,L,L,W,W,L,W,L,W,D,L,L,W,L,W
476,20.07.2018,D,W,W,D,L,W,D,D,L,L,W,D,D,W,D,L,L,W,L,W,L,L,L
478,23.07.2018,L,L,W,L,W,W,L,W,W,W,D,L,D,W,W,L,L,W,W,W,W,L,L
479,24.07.2018,D,D,L,D,L,L,W,D,L,W,W,W,L,W,D,W,L,L,L,W,D,W,W
480,25.07.2018,L,L,L,W,D,L,L,L,D,W,W,L,W,L,L,L,L,L,L,L,L,L,L
481,26.07.2018,D,L,W,D,L,D,W,W,L,W,L,W,D,W,D,W,L,W,L,W,D,L,L
482,27.07.2018,L,D,W,D,L,D,W,D,D,W,W,W,D,D,D,D,D,W,L,L,W,W,D
484,30.07.2018,L,L,W,D,L,W,L,D,L,L,W,L,L,W,L,W,D,L,W,L,W,L,L
485,31.07.2018,D,W,L,L,D,W,D,L,D,L,W,D,W,L,L,D,D,D,W,L,W,W,D
486,01.08.2018,W,W,W,D,W,W,W,D,L,W,L,W,W,W,D,W,W,W,W,L,W,L,D
487,02.08.2018,W,W,L,D,W,L,W,W,W,W,W,W,W,W,D,L,L,L,L,W,D,L,W
488,03.08.2018,D,L,W,D,L,L,L,D,W,W,W,W,D,L,D,W,L,D,L,W,W,L,L
490,06.08.2018,D,W,W,W,L,W,W,D,W,W,W,W,L,W,W,L,L,L,D,L,L,L,L
491,07.08.2018,L,D,W,L,L,W,L,D,W,W,W,W,D,W,L,W,L,L,W,L,D,W,D
492,08.08.2018,D,W,W,W,L,W,D,W,W,L,W,L,D,D,D,D,W,L,L,W,L,L,L
493,09.08.2018,L,W,W,D,W,W,L,W,D,L,W,L,L,W,W,W,W,W,L,W,W,W,W
494,10.08.2018,D,L,W,D,D,W,W,D,W,L,L,L,D,W,W,L,L,L,W,L,L,L,D
496,13.08.2018,W,W,W,W,W,W,L,L,D,L,W,L,W,W,W,W,W,W,W,W,L,W,L
497,14.08.2018,L,L,L,D,L,W,L,L,W,L,L,L,L,L,L,W,W,W,L,W,W,L,W
498,15.08.2018,W,L,L,D,L,L,W,D,W,L,L,W,D,L,L,L,L,W,L,L,W,L,L
499,16.08.2018,D,W,W,W,W,W,W,D,L,W,L,L,L,L,L,W,W,L,L,W,W,L,W
500,17.08.2018,D,L,L,W,W,D,D,L,L,L,L,D,D,D,D,D,D,L,W,W,L,L,D
502,20.08.2018,L,W,W,W,D,L,W,D,W,D,D,W,W,L,L,D,W,D,L,W,D,W,W
503,21.08.2018,D,L,L,D,D,W,W,W,D,L,L,W,D,W,D,W,L,W,W,L,W,W,D
504,22.08.2018,W,L,W,D,D,L,L,W,D,L,W,D,W,L,D,L,W,L,W,L,L,D,D
505,23.08.2018,L,D,L,L,W,D,W,D,W,W,W,L,D,L,W,L,L,L,W,L,D,L,L
506,24.08.2018,D,W,L,D,D,L,L,W,L,L,L,L,L,L,D,W,W,W,L,W,W,L,W
508,27.08.2018,L,D,L,D,W,W,W,D,W,W,W,W,D,L,D,L,L,W,D,L,W,W,L
509,28.08.2018,W,W,L,L,W,L,W,W,W,L,L,L,D,W,L,L,W,W,W,W,L,W,W
510,29.08.2018,D,W,L,D,W,L,D,L,D,W,W,D,W,L,L,L,W,W,L,W,L,L,W
511,30.08.2018,L,W,W,W,W,L,D,L,D,W,D,D,D,W,W,W,W,W,L,L,W,D,W
512,31.08.2018,D,L,W,L,L,W,D,L,L,W,W,W,D,W,D,D,W,W,L,L,L,L,D
514,03.09.2018,W,W,L,W,W,L,L,L,W,L,L,L,L,L,W,W,W,D,L,W,L,W,D
515,04.09.2018,L,L,W,D,L,W,L,D,L,L,L,W,L,L,L,L,L,L,D,L,W,L,W
516,05.09.2018,D,L,L,D,W,L,W,L,W,D,L,W,W,W,D,L,L,D,D,W,D,L,L
517,06.09.2018,L,L,D,D,D,L,D,W,D,W,L,D,D,W,L,W,L,L,L,W,W,W,W
518,07.09.2018,D,L,L,D,L,W,W,L,L,W,W,W,D,W,D,W,L,D,L,W,L,D,D
520,10.09.2018,D,W,W,W,W,W,L,L,W,W,W,W,W,L,D,W,L,L,W,W,W,L,L
521,11.09.2018,W,L,L,L,W,L,W,L,L,L,L,W,D,L,D,W,L,W,L,W,W,W,W
522,12.09.2018,W,L,W,D,W,L,L,L,W,L,W,L,W,W,L,L,D,D,L,L,W,L,W
523,13.09.2018,D,L,W,D,W,W,L,L,L,W,W,L,D,D,D,L,W,W,L,W,W,W,W
524,14.09.2018,D,D,L,D,L,L,D,D,L,W,L,L,L,L,D,L,L,L,L,D,L,L,L
526,17.09.2018,L,L,W,D,L,W,L,L,W,L,L,L,L,W,W,W,W,W,L,L,W,L,D
527,18.09.2018,D,W,W,W,W,W,W,D,L,W,W,W,L,W,D,W,W,W,L,L,L,W,D
528,19.09.2018,D,W,L,D,D,L,W,W,L,L,W,L,D,D,L,D,W,L,W,L,W,W,W
529,20.09.2018,D,L,W,D,L,W,L,L,W,L,L,W,D,W,W,W,L,W,W,L,L,L,W
530,21.09.2018,L,D,L,W,L,W,W,D,L,L,L,L,D,L,D,W,D,L,D,L,L,W,D
532,24.09.2018,D,D,W,D,W,W,W,W,L,W,W,W,D,L,D,L,D,D,W,W,W,D,D
533,25.09.2018,D,W,W,L,L,L,L,L,L,L,L,L,D,W,D,W,L,W,L,L,L,L,W
534,26.09.2018,D,W,L,L,L,W,D,W,W,L,W,L,D,L,L,L,L,W,L,W,W,D,D
535,27.09.2018,D,L,L,L,W,L,L,W,L,W,L,W,W,L,W,L,L,L,W,L,W,D,D
536,28.09.2018,D,W,W,D,W,L,W,L,L,W,D,L,W,W,D,L,D,D,D,L,W,W,L
538,01.10.2018,L,L,L,L,W,W,W,L,L,W,L,L,D,L,W,W,W,W,L,L,W,L,W
539,02.10.2018,L,L,W,W,D,L,D,D,W,L,L,D,W,W,L,W,W,W,L,L,L,D,W
540,03.10.2018,D,W,W,W,W,L,D,D,W,W,L,W,D,W,D,W,W,L,L,L,L,W,L
541,04.10.2018,W,W,L,W,W,W,W,W,W,W,W,D,W,W,W,W,W,L,L,L,L,W,W
542,05.10.2018,D,L,L,L,L,L,L,L,W,L,D,L,L,W,W,L,L,L,L,L,L,W,W
544,08.10.2018,D,W,L,W,W,W,L,W,W,W,W,W,D,L,D,L,L,W,L,L,W,W,W
545,09.10.2018,D,L,L,L,W,L,W,L,W,D,D,L,W,L,W,L,D,L,L,W,L,L,D
546,10.10.2018,D,W,D,L,L,L,L,D,L,L,L,L,D,D,L,D,D,L,W,W,D,L,L
547,11.10.2018,D,W,W,D,L,W,L,L,L,L,W,L,L,L,W,L,L,L,L,W,L,W,W
548,12.10.2018,L,D,W,L,L,W,W,D,L,L,L,L,L,L,W,L,L,L,W,D,D,L,L
550,15.10.2018,D,D,D,D,W,D,D,L,L,W,W,W,D,D,D,D,W,L,D,W,W,W,L
551,16.10.2018,D,L,W,D,W,L,W,W,W,W,W,W,L,L,L,L,L,W,L,L,W,D,D
552,17.10.2018,D,L,L,D,W,W,W,D,D,W,L,W,D,L,L,L,L,L,L,L,W,D,W
553,18.10.2018,W,L,L,W,W,D,W,W,L,W,D,W,D,L,L,L,L,W,L,L,L,W,L
554,19.10.2018,D,L,W,D,W,W,D,W,W,L,W,L,D,D,D,D,L,L,W,W,W,W,L
556,22.10.2018,D,W,W,D,W,W,W,D,D,W,W,W,D,W,D,L,W,L,L,L,L,D,D
557,23.10.2018,D,W,L,D,W,W,L,W,L,L,W,L,W,L,L,W,W,L,L,L,L,W,L
558,24.10.2018,D,L,L,L,W,L,W,L,W,W,W,L,L,W,L,L,L,W,L,L,W,L,L
559,25.10.2018,W,W,L,D,D,W,L,D,W,D,L,L,L,L,L,W,L,W,L,W,W,W,D
560,26.10.2018,L,D,W,L,L,L,L,W,L,W,D,L,W,L,L,W,L,D,L,W,L,W,L
562,29.10.2018,D,L,D,D,L,W,W,D,L,L,L,W,W,D,W,D,D,W,W,W,D,L,D
563,30.10.2018,D,L,L,L,L,W,L,W,D,L,D,L,L,W,D,L,L,L,W,L,W,D,D
564,31.10.2018,L,W,L,D,D,L,D,D,W,W,W,W,D,D,L,D,D,D,W,W,D,L,D
565,01.11.2018,L,W,W,W,W,W,W,L,W,L,L,W,D,W,D,W,W,W,L,W,W,W,W
566,02.11.2018,L,D,W,L,W,W,L,D,D,W,L,D,W,W,D,L,L,W,W,L,W,W,L
568,05.11.2018,D,D,D,W,W,L,L,D,L,W,W,L,W,W,L,L,W,L,W,W,W,W,D
569,06.11.2018,W,D,W,W,L,W,L,W,L,W,W,L,W,W,L,W,L,L,W,W,L,W,L
570,07.11.2018,L,D,W,D,W,D,L,W,L,L,L,W,D,W,D,D,W,L,D,L,W,D,L
571,08.11.2018,D,W,L,D,L,D,L,L,L,L,W,L,L,L,D,W,W,W,D,W,W,W,W
572,09.11.2018,W,W,W,W,L,W,L,W,L,W,W,W,W,L,W,W,W,D,D,W,W,D,W
574,12.11.2018,D,L,L,L,W,L,W,D,L,L,L,W,W,L,L,L,L,W,W,D,D,L,D
575,13.11.2018,W,W,L,L,W,W,W,W,W,L,W,W,D,D,L,D,L,L,L,L,W,L,L
576,14.11.2018,L,W,L,L,W,W,L,L,L,L,W,L,W,W,L,W,D,W,W,W,L,L,W
577,15.11.2018,W,D,L,W,L,L,D,D,L,L,W,W,W,L,L,L,L,L,D,L,W,W,W
578,16.11.2018,D,L,L,L,W,L,W,W,W,W,L,W,L,W,D,L,L,W,W,W,W,L,D
580,19.11.2018,L,D,L,W,W,L,L,L,W,L,W,W,L,L,D,W,W,W,W,L,L,W,L
581,20.11.2018,D,L,L,D,L,L,W,D,L,W,L,L,W,L,L,L,L,L,W,L,L,L,L
582,21.11.2018,D,D,L,D,D,W,D,D,L,L,L,D,D,L,D,L,L,W,L,L,D,W,D
583,22.11.2018,W,L,W,W,L,L,W,L,W,L,L,L,W,W,W,W,W,D,W,L,L,L,L
584,23.11.2018,D,L,D,D,D,L,D,L,W,L,L,D,L,D,D,D,L,W,L,L,L,L,D
586,26.11.2018,L,L,L,D,L,L,L,D,W,L,W,L,W,L,D,L,L,W,W,W,W,W,L
587,27.11.2018,D,L,W,W,W,L,L,L,L,D,L,L,W,W,D,W,W,W,W,L,L,L,L
588,28.11.2018,D,W,L,W,L,D,D,D,L,L,L,W,L,D,D,W,W,W,D,W,W,L,W
589,29.11.2018,L,L,L,L,L,D,L,L,L,L,W,L,L,L,D,L,L,W,L,L,L,W,L
590,30.11.2018,L,W,L,W,L,W,L,W,L,L,W,L,D,L,D,W,L,L,L,L,L,W,W
592,03.12.2018,W,L,D,W,W,D,W,L,L,W,L,W,D,L,D,W,L,W,D,L,W,W,W
593,04.12.2018,W,D,W,W,W,L,L,L,W,W,L,L,W,L,D,L,W,L,L,W,W,W,D
594,05.12.2018,W,D,D,W,D,D,D,D,D,D,W,D,W,D,D,D,D,L,D,W,W,D,D
595,06.12.2018,D,D,L,W,D,L,W,W,L,L,W,L,L,W,D,L,W,L,L,L,W,L,D
596,07.12.2018,D,L,L,D,L,W,W,D,L,W,L,L,D,L,L,L,L,W,L,W,L,L,W
598,10.12.2018,W,W,L,D,W,W,W,W,L,W,L,L,W,L,D,L,W,L,D,L,L,W,D
599,11.12.2018,W,L,W,D,W,D,L,D,W,L,L,L,L,L,D,W,W,W,L,L,L,D,D
600,12.12.2018,L,L,D,L,W,D,L,L,L,W,W,L,W,D,D,W,L,D,D,W,W,L,W
619,03.01.2019,D,W,L,D,W,L,W,L,L,L,L,L,W,L,W,W,W,L,L,W,L,W,D
620,04.01.2019,W,D,W,D,L,L,D,L,L,W,L,L,W,L,W,W,W,D,L,D,D,W,D
622,07.01.2019,W,D,L,D,L,L,L,D,L,D,L,W,D,L,L,L,L,L,L,L,L,W,D
623,08.01.2019,L,L,L,W,W,D,D,L,L,W,L,W,L,D,L,D,D,L,W,D,L,D,L
624,09.01.2019,L,W,W,D,L,L,W,L,W,L,W,L,D,L,L,L,L,L,W,L,L,L,W
625,10.01.2019,L,W,W,D,L,L,W,W,L,W,L,W,W,W,D,D,W,L,L,L,W,L,D
626,11.01.2019,D,W,D,D,D,W,D,L,W,W,W,W,D,D,L,L,L,W,D,L,D,W,W
628,14.01.2019,D,D,D,D,L,L,L,L,L,L,W,L,L,D,D,W,D,L,D,L,L,D,W
629,15.01.2019,W,W,L,L,W,W,L,W,L,W,L,L,W,L,W,L,L,W,L,W,W,W,D
630,16.01.2019,D,W,W,L,W,L,D,D,W,D,W,D,W,D,D,W,D,W,L,L,D,D,L
631,17.01.2019,D,L,W,W,L,W,W,D,L,L,L,L,L,L,D,L,W,W,W,L,W,L,W
632,18.01.2019,D,D,L,D,W,W,D,D,L,L,W,L,D,D,D,D,W,D,L,W,D,L,W
634,21.01.2019,L,L,W,D,D,W,W,D,W,W,L,W,L,W,W,W,W,W,W,L,L,D,W
635,22.01.2019,W,D,L,D,L,D,W,W,W,L,W,L,W,D,D,D,L,W,D,W,L,L,D
636,23.01.2019,W,W,W,D,W,L,L,L,L,L,L,W,L,L,D,L,L,L,L,L,L,L,L
637,24.01.2019,D,L,L,L,W,D,L,L,W,W,W,L,L,L,D,L,L,W,W,L,D,L,D
638,25.01.2019,L,W,W,D,W,L,W,D,W,W,L,W,D,W,L,D,D,W,D,L,W,L,D
640,28.01.2019,W,D,W,D,W,L,L,D,L,W,W,W,W,L,L,L,W,L,L,W,D,D,D
641,29.01.2019,D,D,L,D,L,W,L,D,W,W,D,L,W,L,W,W,L,W,L,L,D,L,W
642,30.01.2019,D,L,L,D,W,L,L,L,W,L,L,L,W,W,D,D,W,W,D,W,L,D,W
643,31.01.2019,L,L,W,W,L,W,L,D,L,W,W,W,L,W,L,W,L,L,L,W,L,W,D
644,01.02.2019,D,D,L,D,W,W,W,D,W,L,D,W,D,W,W,W,W,D,W,W,D,L,D
646,04.02.2019,W,W,L,L,L,L,W,L,W,W,L,L,D,W,D,L,L,D,W,L,W,W,D
647,05.02.2019,L,D,L,D,L,W,L,D,D,L,L,D,D,L,L,L,L,W,L,W,W,D,D
648,06.02.2019,D,W,W,D,W,W,W,W,W,L,L,W,L,W,D,W,D,L,L,W,W,D,D
649,07.02.2019,L,W,W,D,D,L,L,D,W,L,L,L,L,W,D,W,D,W,D,L,D,L,D
650,08.02.2019,D,L,D,D,W,D,D,D,W,W,L,D,W,D,D,D,W,L,D,W,W,L,L
652,11.02.2019,L,D,W,D,L,D,L,W,L,W,D,L,D,W,D,D,L,W,W,L,L,L,L
653,12.02.2019,L,L,D,D,W,D,W,L,W,W,W,L,D,W,D,W,W,L,D,W,L,D,W
654,13.02.2019,W,D,W,L,W,L,D,L,W,W,L,D,D,D,W,D,L,L,L,W,L,W,D
655,14.02.2019,D,D,W,L,L,W,W,L,L,L,L,W,D,L,D,W,L,D,W,L,L,L,D
656,15.02.2019,D,D,D,L,L,D,L,D,L,W,L,L,L,D,D,L,D,W,D,W,D,D,D
658,18.02.2019,D,L,L,L,W,L,W,L,W,W,W,W,W,W,W,W,W,L,W,L,L,L,W
659,19.02.2019,L,D,W,D,L,W,D,D,W,L,W,W,D,W,D,L,L,W,W,L,W,W,W
660,20.02.2019,W,L,W,D,L,L,W,L,L,L,L,W,D,W,L,W,L,L,L,W,L,L,L
661,21.02.2019,L,D,L,L,W,L,W,D,W,L,W,W,W,W,L,W,L,L,L,W,D,L,L
662,22.02.2019,D,D,W,D,W,L,W,D,W,L,L,L,W,W,W,W,W,L,L,W,D,L,D
664,25.02.2019,D,W,L,D,L,L,L,D,D,D,D,D,D,L,D,D,L,D,L,D,D,W,D
665,26.02.2019,D,L,W,L,W,W,L,D,W,L,W,L,L,W,L,L,L,W,W,L,D,W,D
666,27.02.2019,L,W,W,W,W,L,W,D,W,W,L,W,W,W,D,W,W,D,W,L,L,L,W
667,28.02.2019,D,L,D,L,L,D,L,W,L,W,L,D,L,D,D,D,L,L,W,W,W,L,W
668,01.03.2019,D,L,L,D,W,L,L,L,W,W,L,L,D,L,L,D,D,D,L,W,D,D,W
670,04.03.2019,L,L,W,D,L,L,D,W,L,L,L,L,D,W,D,W,W,D,D,W,D,D,W
671,05.03.2019,L,D,L,D,L,W,W,L,W,W,D,W,D,W,D,W,W,D,L,D,D,D,D
672,06.03.2019,D,L,L,D,L,W,L,L,L,L,L,L,D,L,W,D,L,W,W,W,W,L,W
673,07.03.2019,W,D,L,W,W,W,W,L,L,W,W,L,L,W,W,L,L,L,W,L,L,L,L
674,08.03.2019,D,D,L,W,L,L,W,D,L,L,L,W,W,W,D,D,W,L,L,L,D,L,D
676,11.03.2019,W,D,W,D,L,D,W,W,W,W,W,W,W,D,W,W,W,L,W,W,D,D,D
677,12.03.2019,L,D,D,D,D,L,D,D,D,L,L,D,D,D,D,L,D,W,L,L,D,W,W
678,13.03.2019,D,W,L,D,D,D,W,D,L,L,D,L,W,L,D,W,L,D,D,D,L,L,D
679,14.03.2019,D,L,D,D,L,W,L,D,W,W,W,W,L,D,D,D,L,L,L,L,L,W,L
680,15.03.2019,D,D,W,D,W,D,W,D,L,L,L,L,D,W,D,W,W,W,W,L,W,W,D
682,18.03.2019,L,D,L,D,L,L,W,D,L,L,L,L,L,L,D,W,D,W,W,L,D,L,D
683,19.03.2019,L,W,W,L,W,W,D,D,W,L,W,W,W,D,D,L,W,L,L,L,D,L,W
684,20.03.2019,D,W,L,D,D,W,D,L,D,L,L,D,D,D,W,L,L,L,W,W,L,L,L
685,21.03.2019,D,W,L,D,L,W,W,W,D,W,D,D,W,L,W,L,W,L,L,L,W,W,D
686,22.03.2019,D,L,W,D,W,W,L,D,L,L,L,L,W,L,L,D,L,L,W,L,L,L,L
688,25.03.2019,L,L,D,W,W,D,W,D,W,W,L,L,D,W,D,D,W,L,D,L,L,W,D
689,26.03.2019,W,W,D,D,D,L,L,L,L,W,W,W,W,L,D,L,L,W,L,L,D,L,W
690,27.03.2019,D,D,W,D,L,W,W,D,L,L,L,L,L,W,W,W,L,W,W,W,D,W,D
691,28.03.2019,L,L,D,D,W,D,L,D,L,W,W,W,D,D,W,L,D,W,W,W,D,L,D
692,29.03.2019,D,L,W,D,L,W,W,D,W,L,L,L,W,W,W,W,D,L,W,L,D,W,D
694,01.04.2019,W,L,L,L,W,L,D,D,W,L,D,W,W,D,D,D,W,L,D,D,D,D,D
695,02.04.2019,W,D,L,D,L,L,L,L,L,L,W,L,D,L,L,L,L,W,L,W,L,L,L
696,03.04.2019,W,D,W,D,L,L,W,D,L,L,W,L,L,L,D,L,D,W,L,L,D,W,D
697,04.04.2019,W,D,W,D,W,D,L,L,W,L,L,L,W,W,D,W,L,D,W,L,D,W,D
698,05.04.2019,W,L,W,L,D,W,D,D,W,L,L,L,W,W,L,L,L,D,L,L,D,L,D
700,08.04.2019,W,W,L,D,L,L,L,D,W,L,W,W,D,W,W,W,W,L,W,L,D,W,D
701,09.04.2019,L,W,L,L,W,L,L,W,L,W,D,D,D,L,D,W,L,W,L,D,L,W,D
702,10.04.2019,W,D,L,L,D,L,L,D,D,D,W,D,D,D,L,L,L,L,L,W,D,L,L
703,11.04.2019,L,L,L,D,L,D,L,D,W,L,L,W,L,W,W,L,L,L,W,L,D,L,L
704,12.04.2019,D,D,L,D,D,W,L,D,D,D,D,L,L,D,D,D,D,L,D,D,D,W,D
706,15.04.2019,W,W,L,D,L,L,L,D,W,W,W,L,D,L,D,L,W,W,L,L,D,D,D
707,16.04.2019,D,D,W,D,W,L,D,D,W,L,W,D,D,D,D,D,L,W,L,L,D,W,L
708,17.04.2019,W,L,L,D,L,L,L,W,L,L,L,D,L,W,L,W,L,W,L,L,L,D,L
709,18.04.2019,D,D,D,D,D,D,D,D,D,W,L,W,D,D,D,D,D,L,D,D,D,D,D
710,19.04.2019,D,D,W,D,D,W,D,W,D,L,D,D,D,D,D,D,L,D,D,D,D,L,D
712,22.04.2019,D,W,W,W,W,L,W,L,W,L,D,D,D,W,D,W,W,D,L,L,L,L,D
713,23.04.2019,W,L,D,D,D,W,W,W,D,D,L,D,L,W,W,W,D,L,W,W,D,D,W
714,24.04.2019,W,W,W,D,W,W,L,D,W,L,W,L,L,W,W,L,W,W,L,L,W,D,W
715,25.04.2019,D,L,L,D,W,W,W,D,W,L,L,D,W,L,L,D,D,W,L,L,L,L,L
716,26.04.2019,D,D,D,D,D,D,W,D,L,W,D,W,D,D,D,D,D,L,D,W,D,L,D
718,29.04.2019,D,W,W,D,L,L,L,W,W,D,W,L,L,L,L,W,L,L,L,W,W,L,D
719,30.04.2019,D,L,L,D,W,W,D,D,D,W,W,D,L,D,D,D,D,W,W,D,W,L,D
720,01.05.2019,D,L,W,D,W,D,L,D,L,W,D,W,D,D,D,D,D,L,D,W,D,W,D
721,02.05.2019,D,D,W,W,L,W,W,D,L,L,W,L,D,W,D,L,L,W,W,W,W,L,L
722,03.05.2019,D,D,L,D,W,L,W,D,W,L,L,W,L,L,W,D,L,L,W,L,D,L,D
724,06.05.2019,W,W,W,W,W,W,W,D,L,W,L,L,D,W,W,W,W,W,L,L,L,W,D
725,07.05.2019,D,L,W,D,L,W,D,D,W,W,W,L,W,W,D,W,D,L,W,W,D,L,D
726,08.05.2019,D,L,W,L,W,W,L,D,L,L,W,L,D,W,W,L,W,L,D,L,W,W,W
727,09.05.2019,D,D,L,D,W,L,W,D,L,W,W,W,L,L,L,W,W,W,L,W,D,L,D
728,10.05.2019,W,D,L,D,D,L,D,D,D,L,W,D,D,L,D,L,L,W,W,W,W,L,D
730,13.05.2019,D,L,L,D,W,L,L,L,L,L,L,D,D,L,L,D,D,L,L,W,D,D,D
731,14.05.2019,D,L,L,D,D,W,D,D,W,L,W,W,W,L,L,L,D,L,L,L,D,L,D
732,15.05.2019,W,D,W,D,D,W,L,D,W,W,W,W,W,W,D,W,W,W,L,W,D,W,D
733,16.05.2019,D,D,L,W,D,L,W,D,L,W,W,L,W,W,W,D,D,W,W,W,D,W,W
734,17.05.2019,D,W,W,D,W,W,W,D,W,W,L,W,D,W,D,L,W,L,W,L,D,D,D
736,20.05.2019,D,L,L,D,L,L,W,D,L,W,W,L,W,L,W,L,W,L,L,W,D,W,L
737,21.05.2019,D,L,L,D,W,L,D,D,W,W,W,W,D,W,L,D,D,L,L,W,D,W,W
738,22.05.2019,D,W,D,D,W,W,W,W,W,W,D,W,W,W,D,L,L,W,W,W,W,W,D
739,23.05.2019,W,W,L,D,W,L,L,D,L,W,L,L,W,L,L,W,W,W,L,L,D,L,W
740,24.05.2019,D,D,D,D,L,D,D,D,W,W,W,W,D,D,D,D,D,D,D,W,D,D,D
742,27.05.2019,D,W,L,D,L,L,W,L,W,L,W,W,L,D,L,D,D,W,L,L,D,W,D
743,28.05.2019,W,L,W,D,L,W,L,D,L,W,L,L,L,W,W,W,D,D,W,W,W,W,W
744,29.05.2019,D,L,W,D,W,L,L,W,W,W,L,L,W,L,W,W,D,W,W,W,D,L,D
745,30.05.2019,D,W,W,D,W,L,L,L,L,L,W,W,D,L,D,L,L,D,D,L,L,L,W
746,31.05.2019,W,L,L,D,L,L,W,L,L,L,W,W,W,D,D,D,W,D,W,W,W,L,D
748,03.06.2019,L,D,L,L,L,W,W,D,L,W,L,L,D,W,L,L,W,W,W,W,D,W,L
749,04.06.2019,D,W,W,L,L,W,W,W,W,W,W,L,D,D,W,W,L,W,L,W,D,W,W
750,05.06.2019,D,W,D,D,W,L,W,L,L,L,L,L,L,D,W,D,L,L,D,L,L,L,L
751,06.06.2019,L,W,W,W,W,W,L,W,L,L,L,L,D,W,L,W,W,L,L,W,W,W,L
752,07.06.2019,D,D,D,D,D,L,D,W,D,L,W,D,W,D,D,L,D,L,W,L,L,D,D
754,10.06.2019,W,L,L,D,W,L,D,D,W,W,L,W,D,W,L,W,D,W,L,L,D,W,L
755,11.06.2019,L,W,L,D,D,L,W,D,D,W,L,D,D,W,L,D,L,L,L,W,L,W,L
756,12.06.2019,W,W,W,D,W,W,L,D,W,L,L,L,L,W,D,W,W,L,W,W,D,D,D
757,13.06.2019,D,L,W,D,D,W,D,W,W,W,W,D,D,D,D,D,W,L,W,W,W,D,L
758,14.06.2019,L,L,W,D,L,D,L,L,L,L,L,L,D,D,D,L,W,W,D,L,L,D,D
760,17.06.2019,W,L,W,D,W,L,W,L,L,W,W,W,W,W,L,L,W,L,L,W,L,L,W
761,18.06.2019,D,W,L,L,L,W,L,D,L,W,L,L,L,D,D,D,L,L,W,W,L,W,W
762,19.06.2019,D,W,W,D,W,W,L,D,W,L,L,L,W,D,W,D,D,D,W,D,D,D,W
763,20.06.2019,L,L,L,D,L,L,W,D,W,L,L,W,W,D,L,W,D,L,W,L,W,W,L
764,21.06.2019,D,L,D,D,L,D,W,D,L,L,L,L,W,D,D,W,D,L,L,W,D,L,D
766,24.06.2019,L,L,L,D,L,L,D,L,L,W,W,W,D,W,L,D,W,W,L,W,L,W,D
767,25.06.2019,L,W,L,D,W,L,L,D,L,W,L,L,W,W,D,W,W,W,L,W,D,W,D
768,26.06.2019,D,W,W,D,W,W,L,D,W,L,W,L,D,W,W,W,D,W,W,L,D,W,D
769,27.06.2019,D,L,L,D,L,W,L,D,L,L,W,L,D,L,D,W,D,W,W,L,D,W,D
770,28.06.2019,W,D,L,W,D,L,L,W,L,W,W,L,D,L,L,L,L,D,W,L,W,D,D
772,01.07.2019,L,W,L,D,L,W,W,D,L,W,L,W,W,W,W,D,L,L,L,W,L,L,D
773,02.07.2019,D,D,W,D,W,W,L,D,W,W,D,W,L,L,D,D,W,W,W,W,D,W,D
774,03.07.2019,D,D,W,D,L,D,L,D,W,L,D,D,L,L,D,L,D,L,D,D,D,D,D
775,04.07.2019,D,L,D,W,L,W,W,L,W,L,L,W,W,W,W,W,W,D,W,L,L,D,L
776,05.07.2019,D,W,L,W,L,W,L,D,L,W,L,L,D,D,W,D,D,W,W,W,D,W,D
778,08.07.2019,W,L,L,W,D,W,L,D,W,L,L,W,D,D,D,W,W,D,W,W,D,D,L
779,09.07.2019,D,D,L,L,W,W,W,D,W,L,W,L,L,W,D,L,L,W,L,L,L,L,L
780,10.07.2019,D,D,W,D,L,L,W,D,L,W,W,W,W,L,D,D,D,D,D,D,D,D,D
781,11.07.2019,D,L,W,D,W,L,W,D,W,L,L,W,D,D,L,D,W,L,L,D,D,D,L
782,12.07.2019,L,W,W,D,L,L,W,D,W,L,W,W,D,D,L,D,W,W,L,L,D,D,L
784,15.07.2019,W,W,L,D,L,L,W,W,L,W,W,W,L,W,D,L,L,W,W,W,W,L,L
785,16.07.2019,W,L,W,D,L,D,W,L,L,W,W,W,L,D,L,D,D,W,L,W,D,L,W
786,17.07.2019,L,L,W,W,W,W,L,D,L,L,L,L,W,L,D,D,L,L,W,W,D,L,L
787,18.07.2019,L,W,W,D,W,L,W,D,L,L,L,W,W,W,D,L,L,L,D,L,D,L,L
788,19.07.2019,D,D,D,D,L,D,W,D,W,W,W,W,D,W,D,L,D,W,D,W,D,W,D
790,22.07.2019,D,W,W,D,L,L,D,L,L,L,W,D,D,L,D,D,W,D,W,W,D,D,D
791,23.07.2019,L,D,D,D,D,W,L,W,D,L,W,W,D,W,D,L,D,W,L,L,D,D,L
792,24.07.2019,L,L,W,W,W,W,L,L,L,L,W,W,W,W,L,L,W,L,L,L,W,W,L
793,25.07.2019,D,D,L,W,W,L,D,D,D,W,L,W,D,W,D,D,W,W,W,W,L,W,W
794,26.07.2019,L,L,L,D,W,L,W,D,L,D,W,W,W,L,D,D,D,L,W,W,D,D,D
796,29.07.2019,D,W,L,W,W,L,W,D,W,W,W,W,W,L,L,L,W,W,L,W,D,D,D
797,30.07.2019,L,W,L,W,L,W,W,L,W,L,L,D,D,W,D,W,L,W,D,L,L,W,L
798,31.07.2019,D,W,W,W,W,L,L,W,L,L,W,L,D,L,W,W,L,W,W,L,W,W,L
799,01.08.2019,D,D,W,W,L,W,W,W,W,W,W,L,L,W,W,W,W,W,W,W,W,W,L
800,02.08.2019,L,D,W,D,D,W,D,D,W,L,D,W,D,W,W,W,W,D,W,W,D,L,L
802,05.08.2019,L,D,L,L,L,W,L,L,W,W,L,L,D,D,L,L,D,L,L,D,L,W,L
803,06.08.2019,W,W,L,L,W,D,L,D,L,W,L,W,W,L,L,W,L,W,D,W,L,W,L
804,07.08.2019,W,L,W,W,W,W,L,W,L,L,L,L,L,L,W,L,L,W,W,W,L,L,D
805,08.08.2019,D,D,L,D,L,W,L,D,L,D,W,L,L,L,W,W,D,W,W,W,D,L,W
806,09.08.2019,W,D,W,W,W,W,W,W,W,L,L,W,D,W,W,W,W,L,W,L,L,D,W
808,12.08.2019,D,W,L,L,L,W,L,W,L,W,L,L,L,L,L,L,D,L,L,L,L,L,L
809,13.08.2019,L,L,D,L,L,D,L,D,L,L,L,L,W,L,D,W,L,L,D,L,W,L,L
810,14.08.2019,D,D,L,D,L,L,L,W,W,W,L,L,D,L,L,L,D,L,L,L,W,D,D
811,15.08.2019,D,D,W,L,W,L,L,W,L,D,D,D,W,L,W,L,D,D,W,D,W,W,W
812,16.08.2019,D,W,W,D,W,D,D,L,W,W,W,W,D,D,W,W,D,D,D,W,D,L,D
814,19.08.2019,W,L,L,D,L,L,L,D,W,L,L,L,D,L,L,L,L,L,L,W,D,D,D
815,20.08.2019,D,D,L,D,L,D,W,D,L,L,L,L,D,L,D,L,W,D,D,L,D,W,W
816,21.08.2019,W,W,L,D,L,L,W,D,L,L,W,D,W,L,L,W,L,W,L,L,D,L,L
817,22.08.2019,L,L,L,L,W,L,L,W,L,L,L,L,D,W,W,D,L,W,L,L,L,W,W
818,23.08.2019,L,L,L,L,L,L,L,L,W,W,L,L,D,L,L,L,L,L,L,W,L,L,L
820,26.08.2019,W,W,L,D,L,L,D,D,L,W,W,D,D,L,L,L,L,W,L,L,D,L,D
821,27.08.2019,W,W,L,D,W,L,W,L,L,W,L,W,W,W,L,W,D,W,L,L,D,W,D
822,28.08.2019,D,L,L,D,W,L,W,W,W,W,W,W,W,W,W,W,L,W,L,W,W,L,D
823,29.08.2019,D,L,L,D,L,L,W,W,L,L,W,W,D,W,D,W,D,W,L,L,W,L,D
824,30.08.2019,L,W,L,D,W,L,L,D,W,L,W,L,D,L,D,L,D,W,D,L,W,W,D
826,02.09.2019,L,W,W,D,W,D,L,D,W,W,W,W,W,L,L,L,W,W,W,W,D,D,D
827,03.09.2019,D,L,W,D,W,L,L,D,L,W,L,W,L,W,L,W,D,L,L,W,W,L,D
828,04.09.2019,D,L,W,D,L,W,L,W,L,L,W,L,D,W,W,W,W,L,W,L,W,W,D
829,05.09.2019,L,W,W,L,W,W,W,W,L,L,W,L,D,W,D,W,W,W,W,L,D,L,W
830,06.09.2019,L,D,W,D,W,L,L,L,L,W,L,W,D,D,W,W,W,D,L,W,L,W,W
832,09.09.2019,L,L,W,D,L,W,L,D,W,W,W,L,L,W,D,D,D,L,W,W,D,W,D
833,10.09.2019,D,W,W,D,L,W,W,W,L,W,W,W,L,W,W,W,W,L,W,W,W,L,D
834,11.09.2019,D,L,W,L,W,W,W,W,W,L,W,W,D,D,W,D,D,L,W,W,L,D,D
835,12.09.2019,D,L,W,D,W,W,D,W,L,W,L,D,D,L,D,W,W,W,L,W,W,D,W
836,13.09.2019,W,L,D,D,L,W,L,L,W,L,W,L,L,D,L,L,D,L,D,L,L,W,L
838,16.09.2019,L,L,L,D,D,L,L,D,L,W,L,W,D,L,D,W,L,W,W,W,L,W,D
839,17.09.2019,D,W,L,D,D,L,W,L,W,L,L,W,D,L,D,L,L,W,L,L,L,W,L
840,18.09.2019,L,L,W,D,D,W,W,D,D,W,L,W,D,W,L,W,W,L,L,L,L,L,D
841,19.09.2019,D,W,W,W,W,W,D,L,W,W,L,D,W,W,D,W,W,W,W,W,L,L,D
842,20.09.2019,L,W,W,D,L,W,L,D,W,W,L,L,L,L,W,L,D,W,W,L,W,D,D
844,23.09.2019,L,W,L,W,W,L,W,D,L,L,L,L,W,D,D,W,W,L,L,L,D,L,L
845,24.09.2019,W,W,L,L,W,L,L,L,W,W,L,L,W,W,L,L,L,D,L,L,L,L,D
846,25.09.2019,L,L,L,L,W,W,W,D,W,L,L,W,L,L,L,L,L,W,D,W,D,D,W
847,26.09.2019,D,D,W,D,W,W,L,W,L,W,L,W,D,L,L,W,L,W,W,L,L,W,D
848,27.09.2019,W,L,L,D,L,L,W,L,L,L,L,L,D,W,D,W,D,D,L,L,L,L,D
850,30.09.2019,L,W,L,D,L,L,D,L,W,W,W,W,W,L,L,W,L,W,W,L,L,W,D
851,01.10.2019,W,L,W,W,L,L,L,W,W,W,L,L,L,L,W,W,W,L,L,W,W,L,D
852,02.10.2019,D,W,L,L,L,W,L,L,W,L,W,L,W,L,L,W,W,W,W,W,W,D,D
853,03.10.2019,L,L,W,D,W,L,W,D,W,W,L,W,W,D,W,W,W,W,W,W,D,L,W
854,04.10.2019,D,W,L,L,L,D,W,W,L,W,L,W,L,L,L,L,L,L,D,W,D,W,D
856,07.10.2019,W,W,W,D,L,L,L,W,L,W,L,L,D,W,L,L,L,W,W,W,D,L,L
857,08.10.2019,D,L,L,D,W,L,W,D,W,L,L,W,D,D,L,W,L,L,L,W,L,L,L
858,09.10.2019,D,W,W,D,L,W,L,L,W,L,L,W,D,W,W,L,L,D,W,D,D,L,D
859,10.10.2019,W,W,W,W,W,W,L,L,W,W,W,W,L,W,D,D,W,W,W,W,W,W,D
860,11.10.2019,D,L,L,W,L,L,W,L,L,W,L,L,D,L,W,L,L,W,L,L,D,L,D
862,14.10.2019,W,L,W,W,W,L,L,L,W,L,L,L,W,L,L,L,W,L,L,L,W,L,L
863,15.10.2019,L,L,L,L,D,L,W,D,W,L,W,W,D,L,L,W,W,L,L,L,W,L,D
864,16.10.2019,W,W,L,W,L,W,W,D,L,L,W,L,L,L,L,L,W,W,L,L,W,W,W
865,17.10.2019,W,L,W,D,W,W,W,W,W,W,L,D,D,W,D,D,D,L,W,W,W,D,D
866,18.10.2019,D,W,W,D,L,W,D,L,L,W,L,W,D,W,L,D,W,D,L,W,D,W,D
868,21.10.2019,W,D,W,D,W,L,W,D,L,L,W,W,D,D,D,D,D,D,L,L,D,L,D
869,22.10.2019,W,D,W,D,L,W,L,D,W,L,W,L,D,W,D,L,D,W,W,W,D,D,D
870,23.10.2019,D,D,L,W,D,W,D,W,L,L,W,W,L,L,D,L,W,W,L,L,W,D,D
871,24.10.2019,D,D,L,D,W,L,D,W,W,L,L,W,W,W,D,W,D,W,L,W,W,D,D
872,25.10.2019,W,D,W,D,L,L,W,D,L,D,D,W,D,L,D,D,L,W,W,L,D,D,D
874,28.10.2019,W,D,D,D,W,L,L,D,L,L,W,L,L,W,D,W,D,L,L,L,D,L,D
875,29.10.2019,D,L,L,W,W,D,L,D,L,W,L,L,W,D,D,D,D,W,D,W,D,W,D
876,30.10.2019,D,W,W,D,W,L,W,W,W,D,L,L,D,L,L,D,W,W,W,D,D,D,D
877,31.10.2019,W,L,L,D,L,L,L,W,W,L,W,L,W,L,L,W,L,L,L,W,D,W,D
878,01.11.2019,W,D,W,L,W,W,W,D,W,W,D,W,L,W,D,W,L,D,W,W,L,D,D
880,04.11.2019,W,D,D,D,L,D,W,W,W,W,D,L,W,L,D,L,L,D,D,L,W,L,L
881,05.11.2019,D,L,L,D,L,L,L,L,W,D,W,W,L,L,L,L,L,D,L,L,D,W,W
882,06.11.2019,L,L,L,D,L,L,W,W,W,L,W,L,L,L,L,L,W,L,L,L,D,D,L
883,07.11.2019,D,D,L,L,L,L,L,D,L,D,L,L,L,L,L,W,L,W,W,W,W,L,D
884,08.11.2019,W,W,W,D,W,W,L,D,W,D,L,L,D,L,D,L,D,L,W,L,D,D,D
